1,Aboba,2023-02-01,08:29:05,1
2,Amogus,2023-02-01,10:19:20,1
3,Sus,2023-02-01,10:21:03,1
4,Aboba,2023-02-01,10:32:20,2
5,Aboba,2023-02-01,10:42:29,1
6,Onemore,2023-02-01,11:10:30,1
7,Lastone,2023-02-01,11:32:42,1
8,Amogus,2023-02-01,19:32:06,2
9,Sus,2023-02-01,19:48:20,2
10,Onemore,2023-02-01,19:52:12,2
11,Aboba,2023-02-02,20:29:08,2
12,Lastone,2023-02-01,20:29:10,2
13,Aboba,2023-02-02,08:29:05,1
14,Amogus,2023-02-02,10:19:20,1
15,Sus,2023-02-02,10:21:03,1
16,Aboba,2023-02-02,10:32:20,2
17,Aboba,2023-02-02,10:42:29,1
18,Onemore,2023-02-02,11:10:30,1
19,Lastone,2023-02-02,11:32:42,1
20,Amogus,2023-02-02,19:32:06,2
21,Sus,2023-02-02,19:48:20,2
22,Onemore,2023-02-02,19:52:12,2
23,Aboba,2023-02-02,20:29:08,2
24,Lastone,2023-02-02,20:29:10,2
25,Amogus,2023-02-05,10:19:20,1
26,Sus,2023-02-05,10:21:03,1
27,Aboba,2023-02-05,10:32:20,1
28,Aboba,2023-02-05,10:42:29,2
29,Onemore,2023-02-05,11:10:30,1
30,Lastone,2023-02-05,11:32:42,1
31,Amogus,2023-02-05,19:32:06,2
32,Sus,2023-02-05,19:48:20,2
33,Onemore,2023-02-05,19:52:12,2
34,Lastone,2023-02-05,20:32:42,2
35,Somedude,2023-02-24,10:32:06,1
36,Luckyboy,2023-02-24,11:48:20,1
37,Somedude,2023-02-24,18:52:12,2
38,Luckyboy,2023-02-24,19:54:12,2
39,Amogus,2023-03-08,10:19:20,1
40,Sus,2023-03-08,10:21:03,1
41,Aboba,2023-03-08,10:32:20,1
42,Aboba,2023-03-08,10:42:29,2
43,Onemore,2023-03-08,11:10:30,1
44,Lastone,2023-03-08,11:32:42,1
45,Amogus,2023-03-08,19:32:06,2
46,Sus,2023-03-08,19:48:20,2
47,Onemore,2023-03-08,19:52:12,2
48,Lastone,2023-03-08,20:32:42,2
49,Somedude,2023-03-08,21:32:06,1
50,Luckyboy,2023-03-08,21:48:20,1
51,Somedude,2023-03-08,23:52:12,2
52,Luckyboy,2023-03-08,23:54:12,2
53,Amogus,2023-03-25,10:19:20,1
54,Sus,2023-03-25,10:21:03,1
55,Aboba,2023-03-25,10:32:20,1
56,Aboba,2023-03-25,10:42:29,2
57,Onemore,2023-03-25,11:10:30,1
58,Lastone,2023-03-25,11:32:42,1
59,Amogus,2023-03-25,19:32:06,2
60,Sus,2023-03-25,19:48:20,2
61,Onemore,2023-03-25,19:52:12,2
62,Lastone,2023-03-25,20:32:42,2
63,Amogus,2023-03-30,11:10:30,1
64,Amogus,2023-03-30,19:52:12,2
65,Amogus,2023-04-20,10:19:20,1
66,Sus,2023-04-20,10:21:03,1
67,Aboba,2023-04-20,10:32:20,1
68,Aboba,2023-04-20,10:42:29,2
69,Onemore,2023-04-20,11:10:30,1
70,Lastone,2023-04-20,11:32:42,1
71,Amogus,2023-04-20,19:32:06,2
72,Sus,2023-04-20,19:48:20,2
73,Onemore,2023-04-20,19:52:12,2
74,Lastone,2023-04-20,20:32:42,2
75,areilly3,2023-03-01,14:26:12,1
76,areilly3,2023-03-01,14:27:12,2
77,areilly3,2023-03-01,20:27:12,1
78,areilly3,2023-03-02,15:22:12,2
79,areilly3,2023-03-02,17:26:12,1
80,areilly3,2023-03-03,14:27:12,2
81,bmcgrail4,2023-03-03,12:20:12,1
82,bmcgrail4,2023-03-03,21:51:12,2
83,sbirks1,2023-03-03,00:00:00,1
84,sbirks1,2023-03-03,10:00:00,2
85,sbirks1,2023-03-04,00:00:00,1
86,sbirks1,2023-03-04,00:00:10,2
87,sbirks1,2023-03-04,10:00:00,1
88,sbirks1,2023-03-04,11:00:00,2
89,zdorovenniiyaz5,2023-03-03,19:20:12,1
90,zdorovenniiyaz5,2023-03-03,23:31:12,2
91,bilidjin1,2023-03-03,00:10:12,1
92,bilidjin1,2023-03-03,00:12:12,2
93,areilly3,2022-03-25,14:26:12,1
94,areilly3,2022-03-25,15:22:12,2
95,erjanvstavai9,2023-03-01,00:00:04,1
96,erjanvstavai9,2023-03-21,12:00:00,2
97,acraigheid0,2022-10-26,13:58:12,1
98,acraigheid0,2022-10-26,23:58:12,2
99,esminus3,2023-03-02,13:58:12,1
100,esminus3,2023-03-04,00:00:00,2
101,Aboba,2023-03-03,00:00:00,1
102,Aboba,2023-03-04,00:00:00,2
